site_no,AREA,Lb,X1,Wb,POR,ALPHA,BETA,Ks,Kb,Kz,Qthresh,Rs,Rb1,Rb2,Prec,Frac4Rise,Error,BFF
2193340,8.68E+07,9561.55,100,152.442,0.15,0.04456,1,1331.47,11183.2,0.970556,10494.3,-0.457087,-0.093063,-0.09833,24.4657,0.05,0.71143,0.215134
2338523,4.30E+07,25434.2,100,178.028,0.15,0.015871,1,185.114,12263,0.737049,34496.7,-0.24239,-0.052844,-0.034877,582.529,0.05,0.27974,0.510564
2339495,2.21E+08,6660.38,100,603.018,0.15,0.013586,1,1728.61,16116,0.949129,132115,-0.308156,-0.07976,-0.08348,24.4657,0.05,0.444528,0.327684
2343225,7.55E+08,9356.79,100,1063.9,0.15,0.010444,1,1975.63,7887.36,0.94929,535799,-0.203621,-0.069091,-0.04029,17952.9,0.05,0.335177,0.470271
2343940,1.64E+08,16014.9,100,487.908,0.15,0.011211,1,690.921,15648.2,0.954447,24710.4,-0.225443,-0.066725,-0.021052,2493.06,0.05,0.353537,0.427803
2361000,1.76E+09,9864.25,100,1861.24,0.15,0.009516,1,3002.86,10967.9,0.917435,273013,-0.15065,-0.070474,-0.043559,27890.9,0.05,0.325715,0.454505
2364500,3.03E+09,10642.8,100,2388.72,0.15,0.0093,1,2928.41,13053.9,0.910995,2.86E+06,-0.092251,-0.06053,-0.048324,41053.5,0.05,0.276963,0.524186
2369800,2.25E+08,10461.2,100,603.429,0.15,0.010837,1,840.57,7010.03,0.931926,86858.2,-0.187754,-0.08311,-0.033437,7300.57,0.05,0.28758,0.460717
2371500,1.28E+09,7156.36,100,1286.09,0.15,0.009676,1,1618.44,10588,0.984431,62632.2,-0.090923,-0.074442,-0.043383,6334.17,0.05,0.376911,0.359456
2372250,1.13E+09,19999,100,553.099,0.15,0.0093,1,1088.4,19543,0.892928,67280.7,-0.064548,-0.07635,-0.051137,6823.49,0.05,0.391414,0.265509
2373000,1.20E+09,9566.35,100,1067.56,0.15,0.011829,1,2498.68,13709.8,1.27208,29358.9,-0.149365,-0.110661,-0.042839,2984.82,0.05,0.386956,0.266423
2374500,4.51E+08,13602.1,100,742.208,0.15,0.010016,1,1422.48,6235.07,0.956343,235138,-0.230592,-0.063232,-0.039484,13735.1,0.05,0.28796,0.46039
2374745,4.66E+08,12589.5,100,650.059,0.15,0.013512,1,2203.03,9000.68,0.883917,62142.9,-0.17598,-0.080089,-0.055749,6091.96,0.05,0.368083,0.309314
2388975,2.49E+08,31497,100,873.713,0.15,0.009302,1,1263.78,6947.19,0.96979,516594,-0.355227,-0.039113,-0.029913,11177.9,0.05,0.224199,0.606426
2408540,6.73E+08,8314.75,100,1223.89,0.15,0.011309,1,3117.34,7924.06,0.978978,349860,-0.271047,-0.078637,-0.050554,2331.58,0.05,0.332386,0.399448
2422500,5.20E+08,15777.8,100,4173.97,0.15,0.01347,1,386.585,7815.42,2.25102,952193,-0.040669,-0.025567,-0.021828,96193.1,0.05,0.335926,0.563329
2427250,6.68E+08,8142.71,100,921.114,0.15,0.008579,1,3097.94,5852.38,1.02442,266676,-0.251659,-0.120028,-0.039738,6331.73,0.05,0.375043,0.240655
2350600,5.04E+08,11946,100,602.431,0.15,0.010597,1,1266.47,9708.53,0.952836,281356,-0.140968,-0.071517,-0.049193,6282.8,0.05,0.316398,0.411004
2450250,2.36E+08,8161.93,100,718.238,0.15,0.014903,1,2646.98,12341,0.902829,22982.1,-0.334409,-0.113156,-0.073978,327.841,0.05,0.429771,0.264887
2450825,2.59E+08,7873.1,100,757.52,0.15,0.010128,1,1977.85,7132.55,0.991474,68748.7,-0.317987,-0.100478,-0.046564,2933.44,0.05,0.342988,0.341814
2464000,5.71E+08,6879.54,100,1140.56,0.15,0.018151,1,3200.36,11875.2,0.997368,5088.87,-0.246261,-0.105188,-0.073462,539.469,0.05,0.401169,0.310943
2467500,1.55E+09,8404.1,100,1507.75,0.15,0.006442,1,1387.37,6468.83,1.04361,330287,-0.067388,-0.094749,-0.038268,19080.8,0.05,0.291226,0.314353
2469800,4.20E+08,7294.09,100,957.805,0.15,0.013507,1,3576.52,8285.84,0.937793,16000.6,-0.301981,-0.106407,-0.055572,1631.37,0.05,0.373583,0.29162
2470072,2.69E+07,11922.2,100,132.968,0.15,0.029773,1,496.028,20663.2,0.999225,1361.52,-0.329275,-0.107008,-0.144065,7.07059,0.05,2.55683,0.236493
2472000,1.90E+09,13105.1,100,1001.96,0.15,0.005938,1,2775.16,4601.94,1.97812,212313,-0.115697,-0.137517,-0.034177,15902.7,0.05,0.396299,0.165668
2472850,6.58E+08,4889,65.3417,1714.1,0.15,0.006829,1,2774.01,318.661,0.444716,247104,-0.191041,-0.097108,-0.048157,21111.2,0.05,0.31242,0.305608
2479155,1.35E+08,10286.1,100,394.833,0.15,0.010028,1,1554.97,8541.43,0.961967,22419.4,-0.354604,-0.104401,-0.054443,1726.47,0.05,0.36652,0.276604
2481510,7.88E+08,10849.6,100,1085.39,0.15,0.010649,1,4512.26,12102.3,1.29871,187040,-0.298413,-0.109473,-0.05558,10408.9,0.05,0.394331,0.302279
3544970,3.23E+09,3962.61,233.895,4209.56,0.15,0.009551,1,6649.18,2954.63,0.201443,107796,-0.306894,-0.04528,-0.023732,4991.01,0.05,0.240249,0.603774
3574500,2.92E+09,9443.88,100,1083.64,0.15,0.011334,1,5033.15,10433.5,0.976944,15609.1,-0.253795,-0.118943,-0.056647,1426.11,0.05,0.444409,0.22814
2370000,5.25E+08,70529.7,0.175507,940.891,0.15,0.010478,1,566.07,39.0099,1.04828,776786,-0.081412,-0.024672,-0.030474,53934.7,0.05,0.266994,0.631133
2367310,7.07E+07,9162.43,306.036,2516.82,0.15,0.006515,1,263.968,1462.9,0.102609,168813,-0.313426,-0.021176,-0.010042,14498.4,0.05,0.077754,0.825168
2365769,2.11E+08,7662.35,100,896.755,0.15,0.018124,1,2241.04,9823.9,0.989859,30973.6,-0.285138,-0.090796,-0.063007,2196.78,0.05,0.373936,0.366401
2365470,3.79E+08,8600.11,100,1026.41,0.15,0.011717,1,2992.07,9519.35,0.940558,88377.5,-0.180868,-0.090245,-0.041631,7877.96,0.05,0.402926,0.346441
2327100,2.61E+08,5076.78,0.163063,1312.52,0.15,0.021091,1,1639.96,29.1875,1.26396,4450.31,-0.136201,-0.09484,-0.101507,410.779,0.05,0.436678,0.515694
2326000,5.07E+08,17781.5,100,396.914,0.15,0.009963,1,137.826,7317.31,1.03359,91257.1,-0.047421,-0.038667,-0.025354,4425.85,0.05,0.408775,0.274018
2324000,8.96E+08,14387.2,100,1240.41,0.15,0.02115,1,1069.03,16990.4,0.938839,43549,-0.075044,-0.047158,-0.050295,2617.83,0.05,0.36833,0.529461
2322700,5.45E+08,58174.9,10.103,3734.8,0.15,0.005641,1,1108.46,11.9322,0.251796,760884,-0.142203,-0.005378,-0.00604,55781.8,0.05,0.123256,0.864577
2315550,6.73E+09,25867.5,4.86234,5483.78,0.15,0.034187,1,1713.95,794.592,0.981549,259337,-0.058213,-0.026544,-0.027983,26912.3,0.05,0.34045,0.603694
2315500,6.22E+09,56393.8,31.9737,5045.5,0.15,0.018392,1,4392.67,14936,0.986407,82219.5,-0.067295,-0.03112,-0.043425,3545.08,0.05,0.453616,0.526063
2228500,4.10E+08,27414.8,144.873,1106.37,0.15,0.037838,1,857.722,81415.4,1.10971,60694.5,-0.086163,-0.057107,-0.081738,24.4657,0.05,0.847447,0.557885
2299950,1.67E+08,6935.03,100,454.315,0.15,0.010037,1,809.385,6780.84,0.96889,36943.2,-0.178653,-0.11144,-0.043905,968.108,0.05,0.335548,0.253701
2298608,3.20E+08,6484.06,100,708.707,0.15,0.010894,1,1242.82,8241.91,0.943629,14924.1,-0.144671,-0.097178,-0.061554,602.591,0.05,0.438473,0.267146
2312200,3.71E+08,12076.2,41.3581,1232.36,0.15,0.093566,1,242.128,5786.19,0.911921,111808,-0.061396,-0.038419,-0.083829,24.4657,0.05,1.22198,0.558454
2297155,1.08E+08,13526.5,28.7163,281.996,0.15,0.0163,1,334.59,5608.86,1.12692,111074,-0.153875,-0.060857,-0.070664,48.9314,0.05,0.522611,0.437111
2296500,8.45E+08,11278.1,100,1036.97,0.15,0.012398,1,730.925,11724,1.04524,3376.27,-0.095523,-0.057327,-0.042225,368.698,0.05,0.503496,0.422991
2298123,5.96E+08,12551.2,100,803.098,0.15,0.014739,1,1092.89,15317.8,0.945395,33968.2,-0.10109,-0.056632,-0.045152,277.931,0.05,0.382758,0.374472
2295013,1.21E+08,24681.8,100,256.823,0.15,0.013047,1,269.03,26374.6,0.935502,10769.8,-0.178005,-0.060969,-0.048443,134.561,0.05,0.50194,0.427631
2266200,3.17E+07,6815.94,100,437.014,0.15,0.053726,1,68.546,6074.78,0.28776,22117,-0.037054,-0.024753,-0.048373,24.4657,0.05,0.701275,0.663892
2268390,1.35E+08,13240.1,577.267,638.808,0.15,0.026575,1,190.305,7280.57,0.200611,89299.9,-0.044573,-0.026107,-0.021422,2908.97,0.05,0.259919,0.579673
