gauge_id,state,station_nm,drainage_area_sqmi,mean_streamflow_2018_cms,n_labeled,mean_labeled_bf_cms,sd_labeled_bf_cms,nrmse,kge,kge_r,kge_alpha,kge_beta,pbias_pct,bias_share_of_mse,rmse_cms,cv_labeled_bf,cv_streamflow_2018,cv_streamflow_2013_2018,mean_streamflow_2013_2018_cms,n_days_2013_2018,n_strict,drainage_area_nwis_sqmi
2193340,GA,"KETTLE CREEK NEAR WASHINGTON, GA",33.5075,0.591858,156,0.0689805,0.0786685,0.54458,0.568817,0.951026,0.759024,0.645809,-35.4191,0.423011,0.0375654,1.14045,2.91015,3.98114,0.567446,2190,23,33.9
2338523,GA,"HILLABAHATCHEE CREEK AT THAXTON RD, NR FRANKLIN,GA",16.6055,0.793087,115,0.360163,0.118848,0.287922,0.655065,0.924979,0.78022,0.744954,-25.5046,0.784671,0.103699,0.329985,1.12832,1.72603,0.673684,2191,24,16.8
2339495,AL,OSELIGEE CREEK NEAR LANETT AL,85.3996,3.46277,94,0.566309,0.324552,0.524886,0.456051,0.738629,0.682594,0.643884,-35.6116,0.460314,0.297248,0.573101,2.0553,2.56715,2.94931,2191,28,86.4
2343225,GA,"PATAULA CREEK NEAR GEORGETOWN, GA",291.584,9.52713,86,4.22628,1.28021,0.302644,0.595397,0.681913,0.851482,0.798838,-20.1162,0.441803,1.27906,0.302917,0.922919,1.12584,10.1054,2191,22,295
2343940,GA,"SAWHATCHEE CREEK AT CEDAR SPRINGS, GA",63.4567,2.93692,235,1.10431,0.796211,0.634109,0.304847,0.666856,0.473789,0.691204,-30.8796,0.237146,0.700251,0.721005,1.47422,1.79149,3.01847,2191,39,64.2
2361000,AL,"CHOCTAWHATCHEE RIVER NEAR NEWTON, AL.",678.057,25.1056,138,10.951,4.39157,0.335311,0.544661,0.796483,0.661218,0.773855,-22.6145,0.454861,3.672,0.40102,1.03007,1.33261,28.119,2191,29,686
2364500,AL,PEA RIVER NEAR SAMSON AL,1168.31,38.8685,72,15.3363,5.44987,0.249812,0.764385,0.787924,0.9855,0.898372,-10.1628,0.1655,3.83119,0.355358,0.76874,1.09387,43.2113,1461,25,1182
2369800,AL,BLACKWATER RIVER NEAR BRADLEY AL,86.6846,4.20021,118,1.99329,0.641164,0.281543,0.527182,0.590971,0.782073,0.906407,-9.3593,0.110509,0.561196,0.321661,1.03374,1.31348,4.04545,2191,28,87.7
2371500,AL,CONECUH RIVER AT BRANTLEY AL,494.211,15.6343,81,4.46811,1.43946,0.262621,0.684271,0.702849,0.96416,0.899496,-10.0504,0.146457,1.17342,0.322163,1.70637,1.62452,17.7384,2191,34,500
2372250,AL,PATSALIGA CREEK NEAR BRANTLEY AL,436.882,14.0663,67,4.0537,1.73453,0.34251,0.510042,0.67039,0.663232,0.865824,-13.4176,0.153464,1.38843,0.427889,1.51193,1.54324,15.6877,2191,27,442
2373000,AL,SEPULGA RIVER NEAR MCKENZIE AL,464.558,21.064,84,4.68626,2.3134,0.382925,0.652619,0.676105,0.89383,0.932967,-6.70333,0.0306447,1.79448,0.493655,1.48986,1.94548,21.4965,2174,30,470
2374500,AL,MURDER CREEK NEAR EVERGREEN AL,173.962,7.3417,49,3.30994,0.801504,0.208206,0.473761,0.68783,0.591434,0.887968,-11.2032,0.289536,0.689149,0.24215,1.01027,1.34236,7.49971,2191,19,176
2374745,AL,"BURNT CORN CREEK AT STATE HWY 41 NEAR BREWTON, AL.",179.893,7.60794,68,2.22595,1.26458,0.433689,0.399552,0.754351,0.476903,0.837017,-16.2983,0.14123,0.96537,0.568108,0.951658,1.64595,7.93876,2191,22,182
2388975,GA,"ETOWAH RIVER AT GA 136, NEAR LANDDRUM, GA",96.1734,8.52297,135,4.61941,1.20954,0.209818,0.708902,0.852921,0.805629,0.84086,-15.914,0.575272,0.969237,0.261839,0.745967,0.829665,7.10623,2189,28,97.3
2408540,AL,HATCHET CREEK BELOW ROCKFORD AL,259.955,10.9775,150,3.52791,2.38001,0.398049,0.606326,0.960583,0.793889,0.666917,-33.3083,0.700214,1.40428,0.674622,1.43455,1.52639,11.4587,2191,39,263
2422500,AL,MULBERRY CREEK AT JONES AL,200.65,11.2792,179,4.62736,1.83052,0.35002,0.567864,0.833665,0.705776,0.73073,-26.927,0.59182,1.61967,0.395586,1.38999,1.44796,8.27804,2187,19,203
2427250,AL,"PINE BARREN CREEK NEAR SNOW HILL, AL.",257.978,9.63721,126,2.55355,1.06715,0.344028,0.507588,0.638093,0.689656,0.876798,-12.3202,0.128247,0.87849,0.417908,2.10129,2.4552,10.6876,2191,28,261
2350600,GA,"KINCHAFOONEE CREEK AT PRESTON, GA",194.719,5.82556,70,1.62364,0.705708,0.360668,0.643091,0.644522,0.97786,0.976989,-2.3011,0.00407057,0.585597,0.434645,1.02222,1.37767,5.48498,2191,19,197
2450250,AL,SIPSEY FORK NEAR GRAYSON AL,91.0336,5.40819,178,0.497575,0.502563,0.554935,0.615402,0.887828,0.754694,0.725851,-27.4149,0.244056,0.276122,1.01002,2.19806,2.47028,4.55639,2191,43,92.1
2450825,AL,"CLEAR C AT NEW HOPE CHURCH NR POPLAR SPRINGS, AL.",99.8306,5.78208,138,1.11373,0.715817,0.318543,0.725591,0.947251,0.876651,0.760621,-23.9379,0.564723,0.354772,0.642719,1.92012,1.94382,5.49878,2191,28,101
2464000,AL,NORTH RIVER NEAR SAMANTHA AL,220.418,10.466,161,1.12262,1.46654,0.63907,0.56613,0.933115,0.684164,0.710143,-28.9857,0.205718,0.717432,1.30636,2.42771,2.23811,8.90347,2191,44,223
2467500,AL,SUCARNOOCHEE RIVER AT LIVINGSTON AL,599.972,20.5932,191,4.8869,3.00759,0.401961,0.570625,0.793106,0.641661,0.885323,-11.4677,0.0813933,1.96434,0.615439,1.63613,1.55472,22.7941,2191,44,607
2469800,AL,SATILPA CREEK NEAR COFFEEVILLE AL,162.101,9.98013,118,1.72332,0.738433,0.372988,0.661566,0.720917,1.00907,0.808772,-19.1228,0.262853,0.642776,0.428495,2.32488,2.46123,7.64035,2191,20,164
2470072,AL,"BASSETT CREEK AT US HIGHWAY 43 NR THOMASVILLE, AL.",10.3784,0.848545,127,0.0710417,0.0494057,0.626827,0.437528,0.518381,0.74223,0.865937,-13.4063,0.0457431,0.0445309,0.695446,2.84298,3.09472,0.518427,2190,18,10.5
2472000,MS,"LEAF RIVER NR COLLINS, MS",734.397,34.3316,144,6.17503,3.19666,0.441697,0.363764,0.7042,0.480722,0.781712,-21.8288,0.244237,2.72749,0.517676,1.79,1.96486,32.559,2190,40,743
2472850,MS,"OKATOMA CREEK AT SANFORD, MS",254.024,12.4205,114,4.39382,1.3539,0.29776,0.398273,0.816787,0.468401,0.785732,-21.4268,0.517822,1.30831,0.308138,1.43013,1.54707,12.2524,2190,34,257
2479155,MS,"CYPRESS CREEK NR JANICE, MS",51.991,2.89698,89,0.725992,0.267074,0.302706,0.557345,0.715726,0.702022,0.837701,-16.2299,0.287469,0.219762,0.367875,2.0159,2.27215,2.77788,2190,22,52.6
2481510,MS,"WOLF RIVER NR LANDON, MS",304.434,15.7428,96,3.18068,1.37906,0.347204,0.694067,0.711227,1.03799,0.906395,-9.36046,0.0726816,1.10435,0.433572,1.37166,1.62253,17.8364,2190,25,308
3544970,GA,"HIWASSEE RIVER AT RIVERSIDE DR, NR HIAWASSEE, GA",39.5,5.03193,215,3.02937,1.08041,0.318399,0.494836,0.842469,0.582509,0.763197,-23.6803,0.553134,0.964548,0.356646,1.02969,1.03951,3.58173,2191,42,39.5
3574500,AL,PAINT ROCK RIVER NEAR WOODVILLE AL,320,22.3417,146,2.20472,2.41254,0.568512,0.531113,0.946403,0.697019,0.646184,-35.3816,0.387324,1.25341,1.09426,1.99512,1.87153,19.18,2191,56,320
2370000,FL,"BLACKWATER RIVER NR BAKER, FLA.",202.626,11.6041,128,5.74189,1.59892,0.265506,0.581495,0.634117,0.856513,0.856167,-14.3833,0.293472,1.52451,0.278465,0.976086,1.24232,11.1111,2191,34,205
2367310,FL,"JUNIPER CREEK AT STATE HWY 85 NR NICEVILLE, FLA.",27.2804,2.72769,51,2.12048,0.105842,0.0587885,0.379375,0.380274,1.02779,0.981489,-1.8511,0.099146,0.12466,0.049914,0.345962,0.455679,2.99206,2191,13,27.6
2365769,FL,"BRUCE CREEK AT SH 81 NR REDBAY, FL",81.4459,6.48064,84,1.26546,1.011,0.382296,0.71917,0.916769,0.820382,0.800813,-19.9187,0.27147,0.483779,0.798922,1.95479,1.91605,6.1465,2191,27,82.4
2365470,FL,"WRIGHTS CREEK AT SH 177-A NR BONIFAY,FL",146.286,8.2888,122,2.43817,1.05536,0.382464,0.660182,0.864183,0.981324,0.689064,-31.0936,0.660937,0.932512,0.432848,1.52805,1.7455,9.43888,2191,42,148
2327100,FL,"SOPCHOPPY RIVER NR SOPCHOPPY, FLA.",100.819,7.39712,146,1.28773,1.72133,0.552397,0.619059,0.954799,0.783093,0.690122,-30.9878,0.314687,0.71134,1.33671,1.50429,1.79375,6.01524,2191,65,102
2326000,FL,"ECONFINA RIVER NEAR PERRY, FLA.",195.707,6.25111,193,1.98584,1.45831,0.730629,0.140417,0.853518,0.295503,0.529775,-47.0225,0.414207,1.45091,0.734353,0.993718,1.21384,4.34623,2191,69,198
2324000,FL,"STEINHATCHEE RIVER NEAR CROSS CITY, FLA.",345.948,15.5271,173,5.25889,3.78969,0.474723,0.5578,0.89888,0.727503,0.666742,-33.3258,0.492812,2.49651,0.720626,0.962813,1.50695,10.6407,2191,67,350
2322700,FL,"ICHETUCKNEE R @ HWY27 NR HILDRETH, FL",210.534,9.37387,105,8.4527,0.174385,0.0366174,-0.363943,-0.275923,0.518673,0.973824,-2.6176,0.511012,0.309516,0.0206307,0.0950781,0.144857,8.81821,2191,2,213
2315550,FL,SUWANNEE RIVER AT SUWANNEE SPRINGS FLA,2599.55,54.8141,185,17.9949,7.59388,0.477571,0.32279,0.796158,0.47877,0.618711,-38.1289,0.637431,8.59386,0.422001,1.46974,1.2405,52.7199,2191,56,2630
2315500,FL,"SUWANNEE RIVER AT WHITE SPRINGS, FLA.",2401.86,49.546,176,13.1511,7.01383,0.588771,0.282576,0.776099,0.497702,0.539281,-46.0719,0.612321,7.74299,0.533326,1.58666,1.38625,44.6804,2191,59,2430
2228500,GA,"NORTH PRONG ST. MARYS RIVER AT MONIAC, GA",158.147,3.89668,183,1.13985,0.962913,0.501049,0.582981,0.930509,0.876156,0.607905,-39.2095,0.612382,0.571118,0.844775,1.15533,1.9687,3.95166,2191,60,160
2299950,FL,"MANATEE RIVER AT SR 64 NEAR MYAKKA HEAD, FL",64.5439,3.6683,179,0.515946,0.236449,0.366344,0.592581,0.781062,0.743924,0.770913,-22.9087,0.391042,0.189014,0.458282,1.47732,2.1968,2.81663,2191,18,65.3
2298608,FL,MYAKKA RIVER AT MYAKKA CITY FL,123.553,6.88488,206,0.87693,1.1131,0.861665,0.33815,0.897079,0.503074,0.575127,-42.4873,0.243131,0.75562,1.26931,1.45125,1.99053,5.25005,2191,50,125
2312200,FL,"LITTLE WITHLACOOCHEE RIVER AT RERDELL, FL",143.321,2.69945,185,0.486368,0.529387,0.406867,0.6609,0.976558,0.817371,0.715245,-28.4755,0.489822,0.197887,1.08845,1.58591,1.85092,1.47881,2191,64,145
2297155,FL,HORSE CREEK NEAR MYAKKA HEAD FL,41.5137,1.6629,187,0.22272,0.23769,0.54568,0.654209,0.904606,0.853343,0.701734,-29.8266,0.298767,0.121534,1.06721,1.32813,1.59368,1.29723,2148,56,42
2296500,FL,CHARLIE CREEK NEAR GARDNER FL,326.179,8.7094,217,1.22658,1.84891,0.605176,0.815068,0.919422,0.872545,0.892939,-10.7061,0.0312966,0.742295,1.50738,1.30002,1.79991,10.0445,2191,73,330
2298123,FL,PRAIRIE CREEK NEAR FORT OGDEN FL,230.302,7.36303,200,1.2363,1.34015,0.465857,0.612366,0.967339,0.753145,0.702921,-29.7079,0.406667,0.575938,1.084,1.20026,1.58892,8.8231,2191,50,233
2295013,FL,BOWLEGS CREEK NEAR FORT MEADE FL,46.6535,2.313,207,0.28236,0.379797,0.788788,0.407133,0.945299,0.543857,0.625256,-37.4744,0.225709,0.222722,1.34508,1.45512,2.00284,1.2861,2189,76,47.2
2266200,FL,"WHITTENHORSE CREEK NEAR VINELAND, FL",12.2564,0.322591,136,0.112453,0.108518,0.518687,0.562167,0.939842,0.765342,0.635289,-36.4711,0.494409,0.0583279,0.965008,0.77773,1.32291,0.256324,2191,81,12.4
2268390,FL,TIGER CREEK NEAR BABSON PARK FL,52.1887,1.63768,179,0.994742,0.334121,0.241449,0.735175,0.920175,0.847517,0.798731,-20.1269,0.694869,0.240179,0.335887,0.6184,0.691053,1.48353,2191,70,52.8
